{
  "experiment": "feedforward_vs_recurrent",
  "runs": 5,
  "seeds": [
    42,
    43,
    44,
    45,
    46
  ],
  "results": {
    "feedforward_baseline": {
      "per_run": [
        3.224061965942383,
        3.219834804534912,
        3.3476815223693848,
        3.2116684913635254,
        3.2718496322631836
      ],
      "mean": 3.255019283294678,
      "std": 0.05088250269207483,
      "jitters": [
        1e-07,
        1e-07,
        1e-07,
        1e-07,
        1e-07
      ]
    },
    "mrc_c_core": {
      "per_run": [
        24.589479446411133,
        25.190752029418945,
        25.996713638305664,
        25.889860153198242,
        23.204727172851562
      ],
      "mean": 24.974306488037108,
      "std": 1.020774840186951,
      "jitters": [
        1e-07,
        1e-07,
        1e-07,
        1e-07,
        1e-07
      ]
    }
  },
  "unit": "bits (shannon)"
}